id,iso2,name,region,incomeLevel
ABW,AW,Aruba,"{'id': 'LCN', 'iso2code': 'ZJ', 'value': 'Latin America & Caribbean '}","{'id': 'HIC', 'iso2code': 'XD', 'value': 'High income'}"
AFE,ZH,Africa Eastern and Southern,"{'id': 'NA', 'iso2code': 'NA', 'value': 'Aggregates'}","{'id': 'NA', 'iso2code': 'NA', 'value': 'Aggregates'}"
AFG,AF,Afghanistan,"{'id': 'MEA', 'iso2code': 'ZQ', 'value': 'Middle East, North Africa, Afghanistan & Pakistan'}","{'id': 'LIC', 'iso2code': 'XM', 'value': 'Low income'}"
AFR,A9,Africa,"{'id': 'NA', 'iso2code': 'NA', 'value': 'Aggregates'}","{'id': 'NA', 'iso2code': 'NA', 'value': 'Aggregates'}"
AFW,ZI,Africa Western and Central,"{'id': 'NA', 'iso2code': 'NA', 'value': 'Aggregates'}","{'id': 'NA', 'iso2code': 'NA', 'value': 'Aggregates'}"
AGO,AO,Angola,"{'id': 'SSF', 'iso2code': 'ZG', 'value': 'Sub-Saharan Africa '}","{'id': 'LMC', 'iso2code': 'XN', 'value': 'Lower middle income'}"
ALB,AL,Albania,"{'id': 'ECS', 'iso2code': 'Z7', 'value': 'Europe & Central Asia'}","{'id': 'UMC', 'iso2code': 'XT', 'value': 'Upper middle income'}"
AND,AD,Andorra,"{'id': 'ECS', 'iso2code': 'Z7', 'value': 'Europe & Central Asia'}","{'id': 'HIC', 'iso2code': 'XD', 'value': 'High income'}"
ARB,1A,Arab World,"{'id': 'NA', 'iso2code': 'NA', 'value': 'Aggregates'}","{'id': 'NA', 'iso2code': 'NA', 'value': 'Aggregates'}"
ARE,AE,United Arab Emirates,"{'id': 'MEA', 'iso2code': 'ZQ', 'value': 'Middle East, North Africa, Afghanistan & Pakistan'}","{'id': 'HIC', 'iso2code': 'XD', 'value': 'High income'}"
ARG,AR,Argentina,"{'id': 'LCN', 'iso2code': 'ZJ', 'value': 'Latin America & Caribbean '}","{'id': 'UMC', 'iso2code': 'XT', 'value': 'Upper middle income'}"
ARM,AM,Armenia,"{'id': 'ECS', 'iso2code': 'Z7', 'value': 'Europe & Central Asia'}","{'id': 'UMC', 'iso2code': 'XT', 'value': 'Upper middle income'}"
ASM,AS,American Samoa,"{'id': 'EAS', 'iso2code': 'Z4', 'value': 'East Asia & Pacific'}","{'id': 'HIC', 'iso2code': 'XD', 'value': 'High income'}"
ATG,AG,Antigua and Barbuda,"{'id': 'LCN', 'iso2code': 'ZJ', 'value': 'Latin America & Caribbean '}","{'id': 'HIC', 'iso2code': 'XD', 'value': 'High income'}"
AUS,AU,Australia,"{'id': 'EAS', 'iso2code': 'Z4', 'value': 'East Asia & Pacific'}","{'id': 'HIC', 'iso2code': 'XD', 'value': 'High income'}"
AUT,AT,Austria,"{'id': 'ECS', 'iso2code': 'Z7', 'value': 'Europe & Central Asia'}","{'id': 'HIC', 'iso2code': 'XD', 'value': 'High income'}"
AZE,AZ,Azerbaijan,"{'id': 'ECS', 'iso2code': 'Z7', 'value': 'Europe & Central Asia'}","{'id': 'UMC', 'iso2code': 'XT', 'value': 'Upper middle income'}"
BDI,BI,Burundi,"{'id': 'SSF', 'iso2code': 'ZG', 'value': 'Sub-Saharan Africa '}","{'id': 'LIC', 'iso2code': 'XM', 'value': 'Low income'}"
BEA,B4,East Asia & Pacific (IBRD-only countries),"{'id': 'NA', 'iso2code': 'NA', 'value': 'Aggregates'}","{'id': 'NA', 'iso2code': 'NA', 'value': 'Aggregates'}"
BEC,B7,Europe & Central Asia (IBRD-only countries),"{'id': 'NA', 'iso2code': 'NA', 'value': 'Aggregates'}","{'id': 'NA', 'iso2code': 'NA', 'value': 'Aggregates'}"
BEL,BE,Belgium,"{'id': 'ECS', 'iso2code': 'Z7', 'value': 'Europe & Central Asia'}","{'id': 'HIC', 'iso2code': 'XD', 'value': 'High income'}"
BEN,BJ,Benin,"{'id': 'SSF', 'iso2code': 'ZG', 'value': 'Sub-Saharan Africa '}","{'id': 'LMC', 'iso2code': 'XN', 'value': 'Lower middle income'}"
BFA,BF,Burkina Faso,"{'id': 'SSF', 'iso2code': 'ZG', 'value': 'Sub-Saharan Africa '}","{'id': 'LIC', 'iso2code': 'XM', 'value': 'Low income'}"
BGD,BD,Bangladesh,"{'id': 'SAS', 'iso2code': '8S', 'value': 'South Asia'}","{'id': 'LMC', 'iso2code': 'XN', 'value': 'Lower middle income'}"
BGR,BG,Bulgaria,"{'id': 'ECS', 'iso2code': 'Z7', 'value': 'Europe & Central Asia'}","{'id': 'HIC', 'iso2code': 'XD', 'value': 'High income'}"
BHI,B1,IBRD countries classified as high income,"{'id': 'NA', 'iso2code': 'NA', 'value': 'Aggregates'}","{'id': 'NA', 'iso2code': 'NA', 'value': 'Aggregates'}"
BHR,BH,Bahrain,"{'id': 'MEA', 'iso2code': 'ZQ', 'value': 'Middle East, North Africa, Afghanistan & Pakistan'}","{'id': 'HIC', 'iso2code': 'XD', 'value': 'High income'}"
BHS,BS,"Bahamas, The","{'id': 'LCN', 'iso2code': 'ZJ', 'value': 'Latin America & Caribbean '}","{'id': 'HIC', 'iso2code': 'XD', 'value': 'High income'}"
BIH,BA,Bosnia and Herzegovina,"{'id': 'ECS', 'iso2code': 'Z7', 'value': 'Europe & Central Asia'}","{'id': 'UMC', 'iso2code': 'XT', 'value': 'Upper middle income'}"
BLA,B2,Latin America & the Caribbean (IBRD-only countries),"{'id': 'NA', 'iso2code': 'NA', 'value': 'Aggregates'}","{'id': 'NA', 'iso2code': 'NA', 'value': 'Aggregates'}"
BLR,BY,Belarus,"{'id': 'ECS', 'iso2code': 'Z7', 'value': 'Europe & Central Asia'}","{'id': 'UMC', 'iso2code': 'XT', 'value': 'Upper middle income'}"
BLZ,BZ,Belize,"{'id': 'LCN', 'iso2code': 'ZJ', 'value': 'Latin America & Caribbean '}","{'id': 'UMC', 'iso2code': 'XT', 'value': 'Upper middle income'}"
BMN,B3,"Middle East, North Africa, Afghanistan & Pakistan (IBRD only)","{'id': 'NA', 'iso2code': 'NA', 'value': 'Aggregates'}","{'id': 'NA', 'iso2code': 'NA', 'value': 'Aggregates'}"
BMU,BM,Bermuda,"{'id': 'NAC', 'iso2code': 'XU', 'value': 'North America'}","{'id': 'HIC', 'iso2code': 'XD', 'value': 'High income'}"
BOL,BO,Bolivia,"{'id': 'LCN', 'iso2code': 'ZJ', 'value': 'Latin America & Caribbean '}","{'id': 'LMC', 'iso2code': 'XN', 'value': 'Lower middle income'}"
BRA,BR,Brazil,"{'id': 'LCN', 'iso2code': 'ZJ', 'value': 'Latin America & Caribbean '}","{'id': 'UMC', 'iso2code': 'XT', 'value': 'Upper middle income'}"
BRB,BB,Barbados,"{'id': 'LCN', 'iso2code': 'ZJ', 'value': 'Latin America & Caribbean '}","{'id': 'HIC', 'iso2code': 'XD', 'value': 'High income'}"
BRN,BN,Brunei Darussalam,"{'id': 'EAS', 'iso2code': 'Z4', 'value': 'East Asia & Pacific'}","{'id': 'HIC', 'iso2code': 'XD', 'value': 'High income'}"
BSS,B6,Sub-Saharan Africa (IBRD-only countries),"{'id': 'NA', 'iso2code': 'NA', 'value': 'Aggregates'}","{'id': 'NA', 'iso2code': 'NA', 'value': 'Aggregates'}"
BTN,BT,Bhutan,"{'id': 'SAS', 'iso2code': '8S', 'value': 'South Asia'}","{'id': 'LMC', 'iso2code': 'XN', 'value': 'Lower middle income'}"
BWA,BW,Botswana,"{'id': 'SSF', 'iso2code': 'ZG', 'value': 'Sub-Saharan Africa '}","{'id': 'UMC', 'iso2code': 'XT', 'value': 'Upper middle income'}"
CAA,C9,Sub-Saharan Africa (IFC classification),"{'id': 'NA', 'iso2code': 'NA', 'value': 'Aggregates'}","{'id': 'NA', 'iso2code': 'NA', 'value': 'Aggregates'}"
CAF,CF,Central African Republic,"{'id': 'SSF', 'iso2code': 'ZG', 'value': 'Sub-Saharan Africa '}","{'id': 'LIC', 'iso2code': 'XM', 'value': 'Low income'}"
CAN,CA,Canada,"{'id': 'NAC', 'iso2code': 'XU', 'value': 'North America'}","{'id': 'HIC', 'iso2code': 'XD', 'value': 'High income'}"
CEA,C4,East Asia and the Pacific (IFC classification),"{'id': 'NA', 'iso2code': 'NA', 'value': 'Aggregates'}","{'id': 'NA', 'iso2code': 'NA', 'value': 'Aggregates'}"
CEB,B8,Central Europe and the Baltics,"{'id': 'NA', 'iso2code': 'NA', 'value': 'Aggregates'}","{'id': 'NA', 'iso2code': 'NA', 'value': 'Aggregates'}"
CEU,C5,Europe and Central Asia (IFC classification),"{'id': 'NA', 'iso2code': 'NA', 'value': 'Aggregates'}","{'id': 'NA', 'iso2code': 'NA', 'value': 'Aggregates'}"
CHE,CH,Switzerland,"{'id': 'ECS', 'iso2code': 'Z7', 'value': 'Europe & Central Asia'}","{'id': 'HIC', 'iso2code': 'XD', 'value': 'High income'}"
CHI,JG,Channel Islands,"{'id': 'ECS', 'iso2code': 'Z7', 'value': 'Europe & Central Asia'}","{'id': 'HIC', 'iso2code': 'XD', 'value': 'High income'}"
CHL,CL,Chile,"{'id': 'LCN', 'iso2code': 'ZJ', 'value': 'Latin America & Caribbean '}","{'id': 'HIC', 'iso2code': 'XD', 'value': 'High income'}"
CHN,CN,China,"{'id': 'EAS', 'iso2code': 'Z4', 'value': 'East Asia & Pacific'}","{'id': 'UMC', 'iso2code': 'XT', 'value': 'Upper middle income'}"
CIV,CI,Cote d'Ivoire,"{'id': 'SSF', 'iso2code': 'ZG', 'value': 'Sub-Saharan Africa '}","{'id': 'LMC', 'iso2code': 'XN', 'value': 'Lower middle income'}"
CLA,C6,Latin America and the Caribbean (IFC classification),"{'id': 'NA', 'iso2code': 'NA', 'value': 'Aggregates'}","{'id': 'NA', 'iso2code': 'NA', 'value': 'Aggregates'}"
CME,C7,Middle East and North Africa (IFC classification),"{'id': 'NA', 'iso2code': 'NA', 'value': 'Aggregates'}","{'id': 'NA', 'iso2code': 'NA', 'value': 'Aggregates'}"
CMR,CM,Cameroon,"{'id': 'SSF', 'iso2code': 'ZG', 'value': 'Sub-Saharan Africa '}","{'id': 'LMC', 'iso2code': 'XN', 'value': 'Lower middle income'}"
COD,CD,"Congo, Dem. Rep.","{'id': 'SSF', 'iso2code': 'ZG', 'value': 'Sub-Saharan Africa '}","{'id': 'LIC', 'iso2code': 'XM', 'value': 'Low income'}"
COG,CG,"Congo, Rep.","{'id': 'SSF', 'iso2code': 'ZG', 'value': 'Sub-Saharan Africa '}","{'id': 'LMC', 'iso2code': 'XN', 'value': 'Lower middle income'}"
COL,CO,Colombia,"{'id': 'LCN', 'iso2code': 'ZJ', 'value': 'Latin America & Caribbean '}","{'id': 'UMC', 'iso2code': 'XT', 'value': 'Upper middle income'}"
COM,KM,Comoros,"{'id': 'SSF', 'iso2code': 'ZG', 'value': 'Sub-Saharan Africa '}","{'id': 'LMC', 'iso2code': 'XN', 'value': 'Lower middle income'}"
CPV,CV,Cabo Verde,"{'id': 'SSF', 'iso2code': 'ZG', 'value': 'Sub-Saharan Africa '}","{'id': 'UMC', 'iso2code': 'XT', 'value': 'Upper middle income'}"
CRI,CR,Costa Rica,"{'id': 'LCN', 'iso2code': 'ZJ', 'value': 'Latin America & Caribbean '}","{'id': 'HIC', 'iso2code': 'XD', 'value': 'High income'}"
CSA,C8,South Asia (IFC classification),"{'id': 'NA', 'iso2code': 'NA', 'value': 'Aggregates'}","{'id': 'NA', 'iso2code': 'NA', 'value': 'Aggregates'}"
CSS,S3,Caribbean small states,"{'id': 'NA', 'iso2code': 'NA', 'value': 'Aggregates'}","{'id': 'NA', 'iso2code': 'NA', 'value': 'Aggregates'}"
CUB,CU,Cuba,"{'id': 'LCN', 'iso2code': 'ZJ', 'value': 'Latin America & Caribbean '}","{'id': 'UMC', 'iso2code': 'XT', 'value': 'Upper middle income'}"
CUW,CW,Curacao,"{'id': 'LCN', 'iso2code': 'ZJ', 'value': 'Latin America & Caribbean '}","{'id': 'HIC', 'iso2code': 'XD', 'value': 'High income'}"
CYM,KY,Cayman Islands,"{'id': 'LCN', 'iso2code': 'ZJ', 'value': 'Latin America & Caribbean '}","{'id': 'HIC', 'iso2code': 'XD', 'value': 'High income'}"
CYP,CY,Cyprus,"{'id': 'ECS', 'iso2code': 'Z7', 'value': 'Europe & Central Asia'}","{'id': 'HIC', 'iso2code': 'XD', 'value': 'High income'}"
CZE,CZ,Czechia,"{'id': 'ECS', 'iso2code': 'Z7', 'value': 'Europe & Central Asia'}","{'id': 'HIC', 'iso2code': 'XD', 'value': 'High income'}"
DEA,D4,East Asia & Pacific (IDA-eligible countries),"{'id': 'NA', 'iso2code': 'NA', 'value': 'Aggregates'}","{'id': 'NA', 'iso2code': 'NA', 'value': 'Aggregates'}"
DEC,D7,Europe & Central Asia (IDA-eligible countries),"{'id': 'NA', 'iso2code': 'NA', 'value': 'Aggregates'}","{'id': 'NA', 'iso2code': 'NA', 'value': 'Aggregates'}"
DEU,DE,Germany,"{'id': 'ECS', 'iso2code': 'Z7', 'value': 'Europe & Central Asia'}","{'id': 'HIC', 'iso2code': 'XD', 'value': 'High income'}"
DJI,DJ,Djibouti,"{'id': 'MEA', 'iso2code': 'ZQ', 'value': 'Middle East, North Africa, Afghanistan & Pakistan'}","{'id': 'LMC', 'iso2code': 'XN', 'value': 'Lower middle income'}"
DLA,D2,Latin America & the Caribbean (IDA-eligible countries),"{'id': 'NA', 'iso2code': 'NA', 'value': 'Aggregates'}","{'id': 'NA', 'iso2code': 'NA', 'value': 'Aggregates'}"
DMA,DM,Dominica,"{'id': 'LCN', 'iso2code': 'ZJ', 'value': 'Latin America & Caribbean '}","{'id': 'UMC', 'iso2code': 'XT', 'value': 'Upper middle income'}"
DMN,D3,"Middle East, North Africa, Afghanistan & Pakistan (IDA total)","{'id': 'NA', 'iso2code': 'NA', 'value': 'Aggregates'}","{'id': 'NA', 'iso2code': 'NA', 'value': 'Aggregates'}"
DNK,DK,Denmark,"{'id': 'ECS', 'iso2code': 'Z7', 'value': 'Europe & Central Asia'}","{'id': 'HIC', 'iso2code': 'XD', 'value': 'High income'}"
DNS,N6,IDA countries in Sub-Saharan Africa not classified as fragile situations ,"{'id': 'NA', 'iso2code': 'NA', 'value': 'Aggregates'}","{'id': 'NA', 'iso2code': 'NA', 'value': 'Aggregates'}"
DOM,DO,Dominican Republic,"{'id': 'LCN', 'iso2code': 'ZJ', 'value': 'Latin America & Caribbean '}","{'id': 'UMC', 'iso2code': 'XT', 'value': 'Upper middle income'}"
DSA,D5,South Asia (IDA-eligible countries),"{'id': 'NA', 'iso2code': 'NA', 'value': 'Aggregates'}","{'id': 'NA', 'iso2code': 'NA', 'value': 'Aggregates'}"
DSF,F6,IDA countries in Sub-Saharan Africa classified as fragile situations ,"{'id': 'NA', 'iso2code': 'NA', 'value': 'Aggregates'}","{'id': 'NA', 'iso2code': 'NA', 'value': 'Aggregates'}"
DSS,D6,Sub-Saharan Africa (IDA-eligible countries),"{'id': 'NA', 'iso2code': 'NA', 'value': 'Aggregates'}","{'id': 'NA', 'iso2code': 'NA', 'value': 'Aggregates'}"
DZA,DZ,Algeria,"{'id': 'MEA', 'iso2code': 'ZQ', 'value': 'Middle East, North Africa, Afghanistan & Pakistan'}","{'id': 'UMC', 'iso2code': 'XT', 'value': 'Upper middle income'}"
EAP,4E,East Asia & Pacific (excluding high income),"{'id': 'NA', 'iso2code': 'NA', 'value': 'Aggregates'}","{'id': 'NA', 'iso2code': 'NA', 'value': 'Aggregates'}"
EAR,V2,Early-demographic dividend,"{'id': 'NA', 'iso2code': 'NA', 'value': 'Aggregates'}","{'id': 'NA', 'iso2code': 'NA', 'value': 'Aggregates'}"
EAS,Z4,East Asia & Pacific,"{'id': 'NA', 'iso2code': 'NA', 'value': 'Aggregates'}","{'id': 'NA', 'iso2code': 'NA', 'value': 'Aggregates'}"
ECA,7E,Europe & Central Asia (excluding high income),"{'id': 'NA', 'iso2code': 'NA', 'value': 'Aggregates'}","{'id': 'NA', 'iso2code': 'NA', 'value': 'Aggregates'}"
ECS,Z7,Europe & Central Asia,"{'id': 'NA', 'iso2code': 'NA', 'value': 'Aggregates'}","{'id': 'NA', 'iso2code': 'NA', 'value': 'Aggregates'}"
ECU,EC,Ecuador,"{'id': 'LCN', 'iso2code': 'ZJ', 'value': 'Latin America & Caribbean '}","{'id': 'UMC', 'iso2code': 'XT', 'value': 'Upper middle income'}"
EGY,EG,"Egypt, Arab Rep.","{'id': 'MEA', 'iso2code': 'ZQ', 'value': 'Middle East, North Africa, Afghanistan & Pakistan'}","{'id': 'LMC', 'iso2code': 'XN', 'value': 'Lower middle income'}"
EMU,XC,Euro area,"{'id': 'NA', 'iso2code': 'NA', 'value': 'Aggregates'}","{'id': 'NA', 'iso2code': 'NA', 'value': 'Aggregates'}"
ERI,ER,Eritrea,"{'id': 'SSF', 'iso2code': 'ZG', 'value': 'Sub-Saharan Africa '}","{'id': 'LIC', 'iso2code': 'XM', 'value': 'Low income'}"
ESP,ES,Spain,"{'id': 'ECS', 'iso2code': 'Z7', 'value': 'Europe & Central Asia'}","{'id': 'HIC', 'iso2code': 'XD', 'value': 'High income'}"
EST,EE,Estonia,"{'id': 'ECS', 'iso2code': 'Z7', 'value': 'Europe & Central Asia'}","{'id': 'HIC', 'iso2code': 'XD', 'value': 'High income'}"
ETH,ET,Ethiopia,"{'id': 'SSF', 'iso2code': 'ZG', 'value': 'Sub-Saharan Africa '}","{'id': 'INX', 'iso2code': 'XY', 'value': 'Not classified'}"
EUU,EU,European Union,"{'id': 'NA', 'iso2code': 'NA', 'value': 'Aggregates'}","{'id': 'NA', 'iso2code': 'NA', 'value': 'Aggregates'}"
FCS,F1,Fragile and conflict affected situations,"{'id': 'NA', 'iso2code': 'NA', 'value': 'Aggregates'}","{'id': 'NA', 'iso2code': 'NA', 'value': 'Aggregates'}"
FIN,FI,Finland,"{'id': 'ECS', 'iso2code': 'Z7', 'value': 'Europe & Central Asia'}","{'id': 'HIC', 'iso2code': 'XD', 'value': 'High income'}"
FJI,FJ,Fiji,"{'id': 'EAS', 'iso2code': 'Z4', 'value': 'East Asia & Pacific'}","{'id': 'UMC', 'iso2code': 'XT', 'value': 'Upper middle income'}"
FRA,FR,France,"{'id': 'ECS', 'iso2code': 'Z7', 'value': 'Europe & Central Asia'}","{'id': 'HIC', 'iso2code': 'XD', 'value': 'High income'}"
FRO,FO,Faroe Islands,"{'id': 'ECS', 'iso2code': 'Z7', 'value': 'Europe & Central Asia'}","{'id': 'HIC', 'iso2code': 'XD', 'value': 'High income'}"
FSM,FM,"Micronesia, Fed. Sts.","{'id': 'EAS', 'iso2code': 'Z4', 'value': 'East Asia & Pacific'}","{'id': 'LMC', 'iso2code': 'XN', 'value': 'Lower middle income'}"
FXS,6F,"IDA countries classified as fragile situations, excluding Sub-Saharan Africa","{'id': 'NA', 'iso2code': 'NA', 'value': 'Aggregates'}","{'id': 'NA', 'iso2code': 'NA', 'value': 'Aggregates'}"
GAB,GA,Gabon,"{'id': 'SSF', 'iso2code': 'ZG', 'value': 'Sub-Saharan Africa '}","{'id': 'UMC', 'iso2code': 'XT', 'value': 'Upper middle income'}"
GBR,GB,United Kingdom,"{'id': 'ECS', 'iso2code': 'Z7', 'value': 'Europe & Central Asia'}","{'id': 'HIC', 'iso2code': 'XD', 'value': 'High income'}"
GEO,GE,Georgia,"{'id': 'ECS', 'iso2code': 'Z7', 'value': 'Europe & Central Asia'}","{'id': 'UMC', 'iso2code': 'XT', 'value': 'Upper middle income'}"
GHA,GH,Ghana,"{'id': 'SSF', 'iso2code': 'ZG', 'value': 'Sub-Saharan Africa '}","{'id': 'LMC', 'iso2code': 'XN', 'value': 'Lower middle income'}"
GIB,GI,Gibraltar,"{'id': 'ECS', 'iso2code': 'Z7', 'value': 'Europe & Central Asia'}","{'id': 'HIC', 'iso2code': 'XD', 'value': 'High income'}"
GIN,GN,Guinea,"{'id': 'SSF', 'iso2code': 'ZG', 'value': 'Sub-Saharan Africa '}","{'id': 'LMC', 'iso2code': 'XN', 'value': 'Lower middle income'}"
GMB,GM,"Gambia, The","{'id': 'SSF', 'iso2code': 'ZG', 'value': 'Sub-Saharan Africa '}","{'id': 'LIC', 'iso2code': 'XM', 'value': 'Low income'}"
GNB,GW,Guinea-Bissau,"{'id': 'SSF', 'iso2code': 'ZG', 'value': 'Sub-Saharan Africa '}","{'id': 'LIC', 'iso2code': 'XM', 'value': 'Low income'}"
GNQ,GQ,Equatorial Guinea,"{'id': 'SSF', 'iso2code': 'ZG', 'value': 'Sub-Saharan Africa '}","{'id': 'UMC', 'iso2code': 'XT', 'value': 'Upper middle income'}"
GRC,GR,Greece,"{'id': 'ECS', 'iso2code': 'Z7', 'value': 'Europe & Central Asia'}","{'id': 'HIC', 'iso2code': 'XD', 'value': 'High income'}"
GRD,GD,Grenada,"{'id': 'LCN', 'iso2code': 'ZJ', 'value': 'Latin America & Caribbean '}","{'id': 'UMC', 'iso2code': 'XT', 'value': 'Upper middle income'}"
GRL,GL,Greenland,"{'id': 'ECS', 'iso2code': 'Z7', 'value': 'Europe & Central Asia'}","{'id': 'HIC', 'iso2code': 'XD', 'value': 'High income'}"
GTM,GT,Guatemala,"{'id': 'LCN', 'iso2code': 'ZJ', 'value': 'Latin America & Caribbean '}","{'id': 'UMC', 'iso2code': 'XT', 'value': 'Upper middle income'}"
GUM,GU,Guam,"{'id': 'EAS', 'iso2code': 'Z4', 'value': 'East Asia & Pacific'}","{'id': 'HIC', 'iso2code': 'XD', 'value': 'High income'}"
GUY,GY,Guyana,"{'id': 'LCN', 'iso2code': 'ZJ', 'value': 'Latin America & Caribbean '}","{'id': 'HIC', 'iso2code': 'XD', 'value': 'High income'}"
HIC,XD,High income,"{'id': 'NA', 'iso2code': 'NA', 'value': 'Aggregates'}","{'id': 'NA', 'iso2code': 'NA', 'value': 'Aggregates'}"
HKG,HK,"Hong Kong SAR, China","{'id': 'EAS', 'iso2code': 'Z4', 'value': 'East Asia & Pacific'}","{'id': 'HIC', 'iso2code': 'XD', 'value': 'High income'}"
HND,HN,Honduras,"{'id': 'LCN', 'iso2code': 'ZJ', 'value': 'Latin America & Caribbean '}","{'id': 'LMC', 'iso2code': 'XN', 'value': 'Lower middle income'}"
HPC,XE,Heavily indebted poor countries (HIPC),"{'id': 'NA', 'iso2code': 'NA', 'value': 'Aggregates'}","{'id': 'NA', 'iso2code': 'NA', 'value': 'Aggregates'}"
HRV,HR,Croatia,"{'id': 'ECS', 'iso2code': 'Z7', 'value': 'Europe & Central Asia'}","{'id': 'HIC', 'iso2code': 'XD', 'value': 'High income'}"
HTI,HT,Haiti,"{'id': 'LCN', 'iso2code': 'ZJ', 'value': 'Latin America & Caribbean '}","{'id': 'LMC', 'iso2code': 'XN', 'value': 'Lower middle income'}"
HUN,HU,Hungary,"{'id': 'ECS', 'iso2code': 'Z7', 'value': 'Europe & Central Asia'}","{'id': 'HIC', 'iso2code': 'XD', 'value': 'High income'}"
IBB,ZB,"IBRD, including blend","{'id': 'NA', 'iso2code': 'NA', 'value': 'Aggregates'}","{'id': 'NA', 'iso2code': 'NA', 'value': 'Aggregates'}"
IBD,XF,IBRD only,"{'id': 'NA', 'iso2code': 'NA', 'value': 'Aggregates'}","{'id': 'NA', 'iso2code': 'NA', 'value': 'Aggregates'}"
IBT,ZT,IDA & IBRD total,"{'id': 'NA', 'iso2code': 'NA', 'value': 'Aggregates'}","{'id': 'NA', 'iso2code': 'NA', 'value': 'Aggregates'}"
IDA,XG,IDA total,"{'id': 'NA', 'iso2code': 'NA', 'value': 'Aggregates'}","{'id': 'NA', 'iso2code': 'NA', 'value': 'Aggregates'}"
IDB,XH,IDA blend,"{'id': 'NA', 'iso2code': 'NA', 'value': 'Aggregates'}","{'id': 'NA', 'iso2code': 'NA', 'value': 'Aggregates'}"
IDN,ID,Indonesia,"{'id': 'EAS', 'iso2code': 'Z4', 'value': 'East Asia & Pacific'}","{'id': 'UMC', 'iso2code': 'XT', 'value': 'Upper middle income'}"
IDX,XI,IDA only,"{'id': 'NA', 'iso2code': 'NA', 'value': 'Aggregates'}","{'id': 'NA', 'iso2code': 'NA', 'value': 'Aggregates'}"
IMN,IM,Isle of Man,"{'id': 'ECS', 'iso2code': 'Z7', 'value': 'Europe & Central Asia'}","{'id': 'HIC', 'iso2code': 'XD', 'value': 'High income'}"
IND,IN,India,"{'id': 'SAS', 'iso2code': '8S', 'value': 'South Asia'}","{'id': 'LMC', 'iso2code': 'XN', 'value': 'Lower middle income'}"
INX,XY,Not classified,"{'id': 'NA', 'iso2code': 'NA', 'value': 'Aggregates'}","{'id': 'NA', 'iso2code': 'NA', 'value': 'Aggregates'}"
IRL,IE,Ireland,"{'id': 'ECS', 'iso2code': 'Z7', 'value': 'Europe & Central Asia'}","{'id': 'HIC', 'iso2code': 'XD', 'value': 'High income'}"
IRN,IR,"Iran, Islamic Rep.","{'id': 'MEA', 'iso2code': 'ZQ', 'value': 'Middle East, North Africa, Afghanistan & Pakistan'}","{'id': 'UMC', 'iso2code': 'XT', 'value': 'Upper middle income'}"
IRQ,IQ,Iraq,"{'id': 'MEA', 'iso2code': 'ZQ', 'value': 'Middle East, North Africa, Afghanistan & Pakistan'}","{'id': 'UMC', 'iso2code': 'XT', 'value': 'Upper middle income'}"
ISL,IS,Iceland,"{'id': 'ECS', 'iso2code': 'Z7', 'value': 'Europe & Central Asia'}","{'id': 'HIC', 'iso2code': 'XD', 'value': 'High income'}"
ISR,IL,Israel,"{'id': 'MEA', 'iso2code': 'ZQ', 'value': 'Middle East, North Africa, Afghanistan & Pakistan'}","{'id': 'HIC', 'iso2code': 'XD', 'value': 'High income'}"
ITA,IT,Italy,"{'id': 'ECS', 'iso2code': 'Z7', 'value': 'Europe & Central Asia'}","{'id': 'HIC', 'iso2code': 'XD', 'value': 'High income'}"
JAM,JM,Jamaica,"{'id': 'LCN', 'iso2code': 'ZJ', 'value': 'Latin America & Caribbean '}","{'id': 'UMC', 'iso2code': 'XT', 'value': 'Upper middle income'}"
JOR,JO,Jordan,"{'id': 'MEA', 'iso2code': 'ZQ', 'value': 'Middle East, North Africa, Afghanistan & Pakistan'}","{'id': 'LMC', 'iso2code': 'XN', 'value': 'Lower middle income'}"
JPN,JP,Japan,"{'id': 'EAS', 'iso2code': 'Z4', 'value': 'East Asia & Pacific'}","{'id': 'HIC', 'iso2code': 'XD', 'value': 'High income'}"
KAZ,KZ,Kazakhstan,"{'id': 'ECS', 'iso2code': 'Z7', 'value': 'Europe & Central Asia'}","{'id': 'UMC', 'iso2code': 'XT', 'value': 'Upper middle income'}"
KEN,KE,Kenya,"{'id': 'SSF', 'iso2code': 'ZG', 'value': 'Sub-Saharan Africa '}","{'id': 'LMC', 'iso2code': 'XN', 'value': 'Lower middle income'}"
KGZ,KG,Kyrgyz Republic,"{'id': 'ECS', 'iso2code': 'Z7', 'value': 'Europe & Central Asia'}","{'id': 'LMC', 'iso2code': 'XN', 'value': 'Lower middle income'}"
KHM,KH,Cambodia,"{'id': 'EAS', 'iso2code': 'Z4', 'value': 'East Asia & Pacific'}","{'id': 'LMC', 'iso2code': 'XN', 'value': 'Lower middle income'}"
KIR,KI,Kiribati,"{'id': 'EAS', 'iso2code': 'Z4', 'value': 'East Asia & Pacific'}","{'id': 'LMC', 'iso2code': 'XN', 'value': 'Lower middle income'}"
KNA,KN,St. Kitts and Nevis,"{'id': 'LCN', 'iso2code': 'ZJ', 'value': 'Latin America & Caribbean '}","{'id': 'HIC', 'iso2code': 'XD', 'value': 'High income'}"
KOR,KR,"Korea, Rep.","{'id': 'EAS', 'iso2code': 'Z4', 'value': 'East Asia & Pacific'}","{'id': 'HIC', 'iso2code': 'XD', 'value': 'High income'}"
KWT,KW,Kuwait,"{'id': 'MEA', 'iso2code': 'ZQ', 'value': 'Middle East, North Africa, Afghanistan & Pakistan'}","{'id': 'HIC', 'iso2code': 'XD', 'value': 'High income'}"
LAC,XJ,Latin America & Caribbean (excluding high income),"{'id': 'NA', 'iso2code': 'NA', 'value': 'Aggregates'}","{'id': 'NA', 'iso2code': 'NA', 'value': 'Aggregates'}"
LAO,LA,Lao PDR,"{'id': 'EAS', 'iso2code': 'Z4', 'value': 'East Asia & Pacific'}","{'id': 'LMC', 'iso2code': 'XN', 'value': 'Lower middle income'}"
LBN,LB,Lebanon,"{'id': 'MEA', 'iso2code': 'ZQ', 'value': 'Middle East, North Africa, Afghanistan & Pakistan'}","{'id': 'LMC', 'iso2code': 'XN', 'value': 'Lower middle income'}"
LBR,LR,Liberia,"{'id': 'SSF', 'iso2code': 'ZG', 'value': 'Sub-Saharan Africa '}","{'id': 'LIC', 'iso2code': 'XM', 'value': 'Low income'}"
LBY,LY,Libya,"{'id': 'MEA', 'iso2code': 'ZQ', 'value': 'Middle East, North Africa, Afghanistan & Pakistan'}","{'id': 'UMC', 'iso2code': 'XT', 'value': 'Upper middle income'}"
LCA,LC,St. Lucia,"{'id': 'LCN', 'iso2code': 'ZJ', 'value': 'Latin America & Caribbean '}","{'id': 'UMC', 'iso2code': 'XT', 'value': 'Upper middle income'}"
LCN,ZJ,Latin America & Caribbean ,"{'id': 'NA', 'iso2code': 'NA', 'value': 'Aggregates'}","{'id': 'NA', 'iso2code': 'NA', 'value': 'Aggregates'}"
LDC,XL,Least developed countries: UN classification,"{'id': 'NA', 'iso2code': 'NA', 'value': 'Aggregates'}","{'id': 'NA', 'iso2code': 'NA', 'value': 'Aggregates'}"
LIC,XM,Low income,"{'id': 'NA', 'iso2code': 'NA', 'value': 'Aggregates'}","{'id': 'NA', 'iso2code': 'NA', 'value': 'Aggregates'}"
LIE,LI,Liechtenstein,"{'id': 'ECS', 'iso2code': 'Z7', 'value': 'Europe & Central Asia'}","{'id': 'HIC', 'iso2code': 'XD', 'value': 'High income'}"
LKA,LK,Sri Lanka,"{'id': 'SAS', 'iso2code': '8S', 'value': 'South Asia'}","{'id': 'LMC', 'iso2code': 'XN', 'value': 'Lower middle income'}"
LMC,XN,Lower middle income,"{'id': 'NA', 'iso2code': 'NA', 'value': 'Aggregates'}","{'id': 'NA', 'iso2code': 'NA', 'value': 'Aggregates'}"
LMY,XO,Low & middle income,"{'id': 'NA', 'iso2code': 'NA', 'value': 'Aggregates'}","{'id': 'NA', 'iso2code': 'NA', 'value': 'Aggregates'}"
LSO,LS,Lesotho,"{'id': 'SSF', 'iso2code': 'ZG', 'value': 'Sub-Saharan Africa '}","{'id': 'LMC', 'iso2code': 'XN', 'value': 'Lower middle income'}"
LTE,V3,Late-demographic dividend,"{'id': 'NA', 'iso2code': 'NA', 'value': 'Aggregates'}","{'id': 'NA', 'iso2code': 'NA', 'value': 'Aggregates'}"
LTU,LT,Lithuania,"{'id': 'ECS', 'iso2code': 'Z7', 'value': 'Europe & Central Asia'}","{'id': 'HIC', 'iso2code': 'XD', 'value': 'High income'}"
LUX,LU,Luxembourg,"{'id': 'ECS', 'iso2code': 'Z7', 'value': 'Europe & Central Asia'}","{'id': 'HIC', 'iso2code': 'XD', 'value': 'High income'}"
LVA,LV,Latvia,"{'id': 'ECS', 'iso2code': 'Z7', 'value': 'Europe & Central Asia'}","{'id': 'HIC', 'iso2code': 'XD', 'value': 'High income'}"
MAC,MO,"Macao SAR, China","{'id': 'EAS', 'iso2code': 'Z4', 'value': 'East Asia & Pacific'}","{'id': 'HIC', 'iso2code': 'XD', 'value': 'High income'}"
MAF,MF,St. Martin (French part),"{'id': 'LCN', 'iso2code': 'ZJ', 'value': 'Latin America & Caribbean '}","{'id': 'HIC', 'iso2code': 'XD', 'value': 'High income'}"
MAR,MA,Morocco,"{'id': 'MEA', 'iso2code': 'ZQ', 'value': 'Middle East, North Africa, Afghanistan & Pakistan'}","{'id': 'LMC', 'iso2code': 'XN', 'value': 'Lower middle income'}"
MCO,MC,Monaco,"{'id': 'ECS', 'iso2code': 'Z7', 'value': 'Europe & Central Asia'}","{'id': 'HIC', 'iso2code': 'XD', 'value': 'High income'}"
MDA,MD,Moldova,"{'id': 'ECS', 'iso2code': 'Z7', 'value': 'Europe & Central Asia'}","{'id': 'UMC', 'iso2code': 'XT', 'value': 'Upper middle income'}"
MDE,M1,Middle East (developing only),"{'id': 'NA', 'iso2code': 'NA', 'value': 'Aggregates'}","{'id': 'NA', 'iso2code': 'NA', 'value': 'Aggregates'}"
MDG,MG,Madagascar,"{'id': 'SSF', 'iso2code': 'ZG', 'value': 'Sub-Saharan Africa '}","{'id': 'LIC', 'iso2code': 'XM', 'value': 'Low income'}"
MDV,MV,Maldives,"{'id': 'SAS', 'iso2code': '8S', 'value': 'South Asia'}","{'id': 'UMC', 'iso2code': 'XT', 'value': 'Upper middle income'}"
MEA,ZQ,"Middle East, North Africa, Afghanistan & Pakistan","{'id': 'NA', 'iso2code': 'NA', 'value': 'Aggregates'}","{'id': 'NA', 'iso2code': 'NA', 'value': 'Aggregates'}"
MEX,MX,Mexico,"{'id': 'LCN', 'iso2code': 'ZJ', 'value': 'Latin America & Caribbean '}","{'id': 'UMC', 'iso2code': 'XT', 'value': 'Upper middle income'}"
MHL,MH,Marshall Islands,"{'id': 'EAS', 'iso2code': 'Z4', 'value': 'East Asia & Pacific'}","{'id': 'UMC', 'iso2code': 'XT', 'value': 'Upper middle income'}"
MIC,XP,Middle income,"{'id': 'NA', 'iso2code': 'NA', 'value': 'Aggregates'}","{'id': 'NA', 'iso2code': 'NA', 'value': 'Aggregates'}"
MKD,MK,North Macedonia,"{'id': 'ECS', 'iso2code': 'Z7', 'value': 'Europe & Central Asia'}","{'id': 'UMC', 'iso2code': 'XT', 'value': 'Upper middle income'}"
MLI,ML,Mali,"{'id': 'SSF', 'iso2code': 'ZG', 'value': 'Sub-Saharan Africa '}","{'id': 'LIC', 'iso2code': 'XM', 'value': 'Low income'}"
MLT,MT,Malta,"{'id': 'MEA', 'iso2code': 'ZQ', 'value': 'Middle East, North Africa, Afghanistan & Pakistan'}","{'id': 'HIC', 'iso2code': 'XD', 'value': 'High income'}"
MMR,MM,Myanmar,"{'id': 'EAS', 'iso2code': 'Z4', 'value': 'East Asia & Pacific'}","{'id': 'LMC', 'iso2code': 'XN', 'value': 'Lower middle income'}"
MNA,XQ,"Middle East, North Africa, Afghanistan & Pakistan (excluding high income)","{'id': 'NA', 'iso2code': 'NA', 'value': 'Aggregates'}","{'id': 'NA', 'iso2code': 'NA', 'value': 'Aggregates'}"
MNE,ME,Montenegro,"{'id': 'ECS', 'iso2code': 'Z7', 'value': 'Europe & Central Asia'}","{'id': 'UMC', 'iso2code': 'XT', 'value': 'Upper middle income'}"
MNG,MN,Mongolia,"{'id': 'EAS', 'iso2code': 'Z4', 'value': 'East Asia & Pacific'}","{'id': 'UMC', 'iso2code': 'XT', 'value': 'Upper middle income'}"
MNP,MP,Northern Mariana Islands,"{'id': 'EAS', 'iso2code': 'Z4', 'value': 'East Asia & Pacific'}","{'id': 'HIC', 'iso2code': 'XD', 'value': 'High income'}"
MOZ,MZ,Mozambique,"{'id': 'SSF', 'iso2code': 'ZG', 'value': 'Sub-Saharan Africa '}","{'id': 'LIC', 'iso2code': 'XM', 'value': 'Low income'}"
MRT,MR,Mauritania,"{'id': 'SSF', 'iso2code': 'ZG', 'value': 'Sub-Saharan Africa '}","{'id': 'LMC', 'iso2code': 'XN', 'value': 'Lower middle income'}"
MUS,MU,Mauritius,"{'id': 'SSF', 'iso2code': 'ZG', 'value': 'Sub-Saharan Africa '}","{'id': 'UMC', 'iso2code': 'XT', 'value': 'Upper middle income'}"
MWI,MW,Malawi,"{'id': 'SSF', 'iso2code': 'ZG', 'value': 'Sub-Saharan Africa '}","{'id': 'LIC', 'iso2code': 'XM', 'value': 'Low income'}"
MYS,MY,Malaysia,"{'id': 'EAS', 'iso2code': 'Z4', 'value': 'East Asia & Pacific'}","{'id': 'UMC', 'iso2code': 'XT', 'value': 'Upper middle income'}"
NAC,XU,North America,"{'id': 'NA', 'iso2code': 'NA', 'value': 'Aggregates'}","{'id': 'NA', 'iso2code': 'NA', 'value': 'Aggregates'}"
NAF,M2,North Africa,"{'id': 'NA', 'iso2code': 'NA', 'value': 'Aggregates'}","{'id': 'NA', 'iso2code': 'NA', 'value': 'Aggregates'}"
NAM,NA,Namibia,"{'id': 'SSF', 'iso2code': 'ZG', 'value': 'Sub-Saharan Africa '}","{'id': 'LMC', 'iso2code': 'XN', 'value': 'Lower middle income'}"
NCL,NC,New Caledonia,"{'id': 'EAS', 'iso2code': 'Z4', 'value': 'East Asia & Pacific'}","{'id': 'HIC', 'iso2code': 'XD', 'value': 'High income'}"
NER,NE,Niger,"{'id': 'SSF', 'iso2code': 'ZG', 'value': 'Sub-Saharan Africa '}","{'id': 'LIC', 'iso2code': 'XM', 'value': 'Low income'}"
NGA,NG,Nigeria,"{'id': 'SSF', 'iso2code': 'ZG', 'value': 'Sub-Saharan Africa '}","{'id': 'LMC', 'iso2code': 'XN', 'value': 'Lower middle income'}"
NIC,NI,Nicaragua,"{'id': 'LCN', 'iso2code': 'ZJ', 'value': 'Latin America & Caribbean '}","{'id': 'LMC', 'iso2code': 'XN', 'value': 'Lower middle income'}"
NLD,NL,Netherlands,"{'id': 'ECS', 'iso2code': 'Z7', 'value': 'Europe & Central Asia'}","{'id': 'HIC', 'iso2code': 'XD', 'value': 'High income'}"
NOR,NO,Norway,"{'id': 'ECS', 'iso2code': 'Z7', 'value': 'Europe & Central Asia'}","{'id': 'HIC', 'iso2code': 'XD', 'value': 'High income'}"
NPL,NP,Nepal,"{'id': 'SAS', 'iso2code': '8S', 'value': 'South Asia'}","{'id': 'LMC', 'iso2code': 'XN', 'value': 'Lower middle income'}"
NRS,6X,Non-resource rich Sub-Saharan Africa countries,"{'id': 'NA', 'iso2code': 'NA', 'value': 'Aggregates'}","{'id': 'NA', 'iso2code': 'NA', 'value': 'Aggregates'}"
NRU,NR,Nauru,"{'id': 'EAS', 'iso2code': 'Z4', 'value': 'East Asia & Pacific'}","{'id': 'HIC', 'iso2code': 'XD', 'value': 'High income'}"
NXS,6N,"IDA countries not classified as fragile situations, excluding Sub-Saharan Africa","{'id': 'NA', 'iso2code': 'NA', 'value': 'Aggregates'}","{'id': 'NA', 'iso2code': 'NA', 'value': 'Aggregates'}"
NZL,NZ,New Zealand,"{'id': 'EAS', 'iso2code': 'Z4', 'value': 'East Asia & Pacific'}","{'id': 'HIC', 'iso2code': 'XD', 'value': 'High income'}"
OED,OE,OECD members,"{'id': 'NA', 'iso2code': 'NA', 'value': 'Aggregates'}","{'id': 'NA', 'iso2code': 'NA', 'value': 'Aggregates'}"
OMN,OM,Oman,"{'id': 'MEA', 'iso2code': 'ZQ', 'value': 'Middle East, North Africa, Afghanistan & Pakistan'}","{'id': 'HIC', 'iso2code': 'XD', 'value': 'High income'}"
OSS,S4,Other small states,"{'id': 'NA', 'iso2code': 'NA', 'value': 'Aggregates'}","{'id': 'NA', 'iso2code': 'NA', 'value': 'Aggregates'}"
PAK,PK,Pakistan,"{'id': 'MEA', 'iso2code': 'ZQ', 'value': 'Middle East, North Africa, Afghanistan & Pakistan'}","{'id': 'LMC', 'iso2code': 'XN', 'value': 'Lower middle income'}"
PAN,PA,Panama,"{'id': 'LCN', 'iso2code': 'ZJ', 'value': 'Latin America & Caribbean '}","{'id': 'HIC', 'iso2code': 'XD', 'value': 'High income'}"
PER,PE,Peru,"{'id': 'LCN', 'iso2code': 'ZJ', 'value': 'Latin America & Caribbean '}","{'id': 'UMC', 'iso2code': 'XT', 'value': 'Upper middle income'}"
PHL,PH,Philippines,"{'id': 'EAS', 'iso2code': 'Z4', 'value': 'East Asia & Pacific'}","{'id': 'LMC', 'iso2code': 'XN', 'value': 'Lower middle income'}"
PLW,PW,Palau,"{'id': 'EAS', 'iso2code': 'Z4', 'value': 'East Asia & Pacific'}","{'id': 'HIC', 'iso2code': 'XD', 'value': 'High income'}"
PNG,PG,Papua New Guinea,"{'id': 'EAS', 'iso2code': 'Z4', 'value': 'East Asia & Pacific'}","{'id': 'LMC', 'iso2code': 'XN', 'value': 'Lower middle income'}"
POL,PL,Poland,"{'id': 'ECS', 'iso2code': 'Z7', 'value': 'Europe & Central Asia'}","{'id': 'HIC', 'iso2code': 'XD', 'value': 'High income'}"
PRE,V1,Pre-demographic dividend,"{'id': 'NA', 'iso2code': 'NA', 'value': 'Aggregates'}","{'id': 'NA', 'iso2code': 'NA', 'value': 'Aggregates'}"
PRI,PR,Puerto Rico (US),"{'id': 'LCN', 'iso2code': 'ZJ', 'value': 'Latin America & Caribbean '}","{'id': 'HIC', 'iso2code': 'XD', 'value': 'High income'}"
PRK,KP,"Korea, Dem. People's Rep.","{'id': 'EAS', 'iso2code': 'Z4', 'value': 'East Asia & Pacific'}","{'id': 'LIC', 'iso2code': 'XM', 'value': 'Low income'}"
PRT,PT,Portugal,"{'id': 'ECS', 'iso2code': 'Z7', 'value': 'Europe & Central Asia'}","{'id': 'HIC', 'iso2code': 'XD', 'value': 'High income'}"
PRY,PY,Paraguay,"{'id': 'LCN', 'iso2code': 'ZJ', 'value': 'Latin America & Caribbean '}","{'id': 'UMC', 'iso2code': 'XT', 'value': 'Upper middle income'}"
PSE,PS,West Bank and Gaza,"{'id': 'MEA', 'iso2code': 'ZQ', 'value': 'Middle East, North Africa, Afghanistan & Pakistan'}","{'id': 'LMC', 'iso2code': 'XN', 'value': 'Lower middle income'}"
PSS,S2,Pacific island small states,"{'id': 'NA', 'iso2code': 'NA', 'value': 'Aggregates'}","{'id': 'NA', 'iso2code': 'NA', 'value': 'Aggregates'}"
PST,V4,Post-demographic dividend,"{'id': 'NA', 'iso2code': 'NA', 'value': 'Aggregates'}","{'id': 'NA', 'iso2code': 'NA', 'value': 'Aggregates'}"
PYF,PF,French Polynesia,"{'id': 'EAS', 'iso2code': 'Z4', 'value': 'East Asia & Pacific'}","{'id': 'HIC', 'iso2code': 'XD', 'value': 'High income'}"
QAT,QA,Qatar,"{'id': 'MEA', 'iso2code': 'ZQ', 'value': 'Middle East, North Africa, Afghanistan & Pakistan'}","{'id': 'HIC', 'iso2code': 'XD', 'value': 'High income'}"
ROU,RO,Romania,"{'id': 'ECS', 'iso2code': 'Z7', 'value': 'Europe & Central Asia'}","{'id': 'HIC', 'iso2code': 'XD', 'value': 'High income'}"
RRS,R6,Resource rich Sub-Saharan Africa countries,"{'id': 'NA', 'iso2code': 'NA', 'value': 'Aggregates'}","{'id': 'NA', 'iso2code': 'NA', 'value': 'Aggregates'}"
RUS,RU,Russian Federation,"{'id': 'ECS', 'iso2code': 'Z7', 'value': 'Europe & Central Asia'}","{'id': 'HIC', 'iso2code': 'XD', 'value': 'High income'}"
RWA,RW,Rwanda,"{'id': 'SSF', 'iso2code': 'ZG', 'value': 'Sub-Saharan Africa '}","{'id': 'LIC', 'iso2code': 'XM', 'value': 'Low income'}"
SAS,8S,South Asia,"{'id': 'NA', 'iso2code': 'NA', 'value': 'Aggregates'}","{'id': 'NA', 'iso2code': 'NA', 'value': 'Aggregates'}"
SAU,SA,Saudi Arabia,"{'id': 'MEA', 'iso2code': 'ZQ', 'value': 'Middle East, North Africa, Afghanistan & Pakistan'}","{'id': 'HIC', 'iso2code': 'XD', 'value': 'High income'}"
SDN,SD,Sudan,"{'id': 'SSF', 'iso2code': 'ZG', 'value': 'Sub-Saharan Africa '}","{'id': 'LIC', 'iso2code': 'XM', 'value': 'Low income'}"
SEN,SN,Senegal,"{'id': 'SSF', 'iso2code': 'ZG', 'value': 'Sub-Saharan Africa '}","{'id': 'LMC', 'iso2code': 'XN', 'value': 'Lower middle income'}"
SGP,SG,Singapore,"{'id': 'EAS', 'iso2code': 'Z4', 'value': 'East Asia & Pacific'}","{'id': 'HIC', 'iso2code': 'XD', 'value': 'High income'}"
SLB,SB,Solomon Islands,"{'id': 'EAS', 'iso2code': 'Z4', 'value': 'East Asia & Pacific'}","{'id': 'LMC', 'iso2code': 'XN', 'value': 'Lower middle income'}"
SLE,SL,Sierra Leone,"{'id': 'SSF', 'iso2code': 'ZG', 'value': 'Sub-Saharan Africa '}","{'id': 'LIC', 'iso2code': 'XM', 'value': 'Low income'}"
SLV,SV,El Salvador,"{'id': 'LCN', 'iso2code': 'ZJ', 'value': 'Latin America & Caribbean '}","{'id': 'UMC', 'iso2code': 'XT', 'value': 'Upper middle income'}"
SMR,SM,San Marino,"{'id': 'ECS', 'iso2code': 'Z7', 'value': 'Europe & Central Asia'}","{'id': 'HIC', 'iso2code': 'XD', 'value': 'High income'}"
SOM,SO,Somalia,"{'id': 'SSF', 'iso2code': 'ZG', 'value': 'Sub-Saharan Africa '}","{'id': 'LIC', 'iso2code': 'XM', 'value': 'Low income'}"
SRB,RS,Serbia,"{'id': 'ECS', 'iso2code': 'Z7', 'value': 'Europe & Central Asia'}","{'id': 'UMC', 'iso2code': 'XT', 'value': 'Upper middle income'}"
SSA,ZF,Sub-Saharan Africa (excluding high income),"{'id': 'NA', 'iso2code': 'NA', 'value': 'Aggregates'}","{'id': 'NA', 'iso2code': 'NA', 'value': 'Aggregates'}"
SSD,SS,South Sudan,"{'id': 'SSF', 'iso2code': 'ZG', 'value': 'Sub-Saharan Africa '}","{'id': 'LIC', 'iso2code': 'XM', 'value': 'Low income'}"
SSF,ZG,Sub-Saharan Africa ,"{'id': 'NA', 'iso2code': 'NA', 'value': 'Aggregates'}","{'id': 'NA', 'iso2code': 'NA', 'value': 'Aggregates'}"
SST,S1,Small states,"{'id': 'NA', 'iso2code': 'NA', 'value': 'Aggregates'}","{'id': 'NA', 'iso2code': 'NA', 'value': 'Aggregates'}"
STP,ST,Sao Tome and Principe,"{'id': 'SSF', 'iso2code': 'ZG', 'value': 'Sub-Saharan Africa '}","{'id': 'LMC', 'iso2code': 'XN', 'value': 'Lower middle income'}"
SUR,SR,Suriname,"{'id': 'LCN', 'iso2code': 'ZJ', 'value': 'Latin America & Caribbean '}","{'id': 'UMC', 'iso2code': 'XT', 'value': 'Upper middle income'}"
SVK,SK,Slovak Republic,"{'id': 'ECS', 'iso2code': 'Z7', 'value': 'Europe & Central Asia'}","{'id': 'HIC', 'iso2code': 'XD', 'value': 'High income'}"
SVN,SI,Slovenia,"{'id': 'ECS', 'iso2code': 'Z7', 'value': 'Europe & Central Asia'}","{'id': 'HIC', 'iso2code': 'XD', 'value': 'High income'}"
SWE,SE,Sweden,"{'id': 'ECS', 'iso2code': 'Z7', 'value': 'Europe & Central Asia'}","{'id': 'HIC', 'iso2code': 'XD', 'value': 'High income'}"
SWZ,SZ,Eswatini,"{'id': 'SSF', 'iso2code': 'ZG', 'value': 'Sub-Saharan Africa '}","{'id': 'LMC', 'iso2code': 'XN', 'value': 'Lower middle income'}"
SXM,SX,Sint Maarten (Dutch part),"{'id': 'LCN', 'iso2code': 'ZJ', 'value': 'Latin America & Caribbean '}","{'id': 'HIC', 'iso2code': 'XD', 'value': 'High income'}"
SXZ,A4,Sub-Saharan Africa excluding South Africa,"{'id': 'NA', 'iso2code': 'NA', 'value': 'Aggregates'}","{'id': 'NA', 'iso2code': 'NA', 'value': 'Aggregates'}"
SYC,SC,Seychelles,"{'id': 'SSF', 'iso2code': 'ZG', 'value': 'Sub-Saharan Africa '}","{'id': 'HIC', 'iso2code': 'XD', 'value': 'High income'}"
SYR,SY,Syrian Arab Republic,"{'id': 'MEA', 'iso2code': 'ZQ', 'value': 'Middle East, North Africa, Afghanistan & Pakistan'}","{'id': 'LIC', 'iso2code': 'XM', 'value': 'Low income'}"
TCA,TC,Turks and Caicos Islands,"{'id': 'LCN', 'iso2code': 'ZJ', 'value': 'Latin America & Caribbean '}","{'id': 'HIC', 'iso2code': 'XD', 'value': 'High income'}"
TCD,TD,Chad,"{'id': 'SSF', 'iso2code': 'ZG', 'value': 'Sub-Saharan Africa '}","{'id': 'LIC', 'iso2code': 'XM', 'value': 'Low income'}"
TEA,T4,East Asia & Pacific (IDA & IBRD countries),"{'id': 'NA', 'iso2code': 'NA', 'value': 'Aggregates'}","{'id': 'NA', 'iso2code': 'NA', 'value': 'Aggregates'}"
TEC,T7,Europe & Central Asia (IDA & IBRD countries),"{'id': 'NA', 'iso2code': 'NA', 'value': 'Aggregates'}","{'id': 'NA', 'iso2code': 'NA', 'value': 'Aggregates'}"
TGO,TG,Togo,"{'id': 'SSF', 'iso2code': 'ZG', 'value': 'Sub-Saharan Africa '}","{'id': 'LIC', 'iso2code': 'XM', 'value': 'Low income'}"
THA,TH,Thailand,"{'id': 'EAS', 'iso2code': 'Z4', 'value': 'East Asia & Pacific'}","{'id': 'UMC', 'iso2code': 'XT', 'value': 'Upper middle income'}"
TJK,TJ,Tajikistan,"{'id': 'ECS', 'iso2code': 'Z7', 'value': 'Europe & Central Asia'}","{'id': 'LMC', 'iso2code': 'XN', 'value': 'Lower middle income'}"
TKM,TM,Turkmenistan,"{'id': 'ECS', 'iso2code': 'Z7', 'value': 'Europe & Central Asia'}","{'id': 'UMC', 'iso2code': 'XT', 'value': 'Upper middle income'}"
TLA,T2,Latin America & the Caribbean (IDA & IBRD countries),"{'id': 'NA', 'iso2code': 'NA', 'value': 'Aggregates'}","{'id': 'NA', 'iso2code': 'NA', 'value': 'Aggregates'}"
TLS,TL,Timor-Leste,"{'id': 'EAS', 'iso2code': 'Z4', 'value': 'East Asia & Pacific'}","{'id': 'LMC', 'iso2code': 'XN', 'value': 'Lower middle income'}"
TMN,T3,"Middle East, North Africa, Afghanistan & Pakistan (IDA & IBRD)","{'id': 'NA', 'iso2code': 'NA', 'value': 'Aggregates'}","{'id': 'NA', 'iso2code': 'NA', 'value': 'Aggregates'}"
TON,TO,Tonga,"{'id': 'EAS', 'iso2code': 'Z4', 'value': 'East Asia & Pacific'}","{'id': 'UMC', 'iso2code': 'XT', 'value': 'Upper middle income'}"
TSA,T5,South Asia (IDA & IBRD),"{'id': 'NA', 'iso2code': 'NA', 'value': 'Aggregates'}","{'id': 'NA', 'iso2code': 'NA', 'value': 'Aggregates'}"
TSS,T6,Sub-Saharan Africa (IDA & IBRD countries),"{'id': 'NA', 'iso2code': 'NA', 'value': 'Aggregates'}","{'id': 'NA', 'iso2code': 'NA', 'value': 'Aggregates'}"
TTO,TT,Trinidad and Tobago,"{'id': 'LCN', 'iso2code': 'ZJ', 'value': 'Latin America & Caribbean '}","{'id': 'HIC', 'iso2code': 'XD', 'value': 'High income'}"
TUN,TN,Tunisia,"{'id': 'MEA', 'iso2code': 'ZQ', 'value': 'Middle East, North Africa, Afghanistan & Pakistan'}","{'id': 'LMC', 'iso2code': 'XN', 'value': 'Lower middle income'}"
TUR,TR,Turkiye,"{'id': 'ECS', 'iso2code': 'Z7', 'value': 'Europe & Central Asia'}","{'id': 'UMC', 'iso2code': 'XT', 'value': 'Upper middle income'}"
TUV,TV,Tuvalu,"{'id': 'EAS', 'iso2code': 'Z4', 'value': 'East Asia & Pacific'}","{'id': 'UMC', 'iso2code': 'XT', 'value': 'Upper middle income'}"
TZA,TZ,Tanzania,"{'id': 'SSF', 'iso2code': 'ZG', 'value': 'Sub-Saharan Africa '}","{'id': 'LMC', 'iso2code': 'XN', 'value': 'Lower middle income'}"
UGA,UG,Uganda,"{'id': 'SSF', 'iso2code': 'ZG', 'value': 'Sub-Saharan Africa '}","{'id': 'LIC', 'iso2code': 'XM', 'value': 'Low income'}"
UKR,UA,Ukraine,"{'id': 'ECS', 'iso2code': 'Z7', 'value': 'Europe & Central Asia'}","{'id': 'UMC', 'iso2code': 'XT', 'value': 'Upper middle income'}"
UMC,XT,Upper middle income,"{'id': 'NA', 'iso2code': 'NA', 'value': 'Aggregates'}","{'id': 'NA', 'iso2code': 'NA', 'value': 'Aggregates'}"
URY,UY,Uruguay,"{'id': 'LCN', 'iso2code': 'ZJ', 'value': 'Latin America & Caribbean '}","{'id': 'HIC', 'iso2code': 'XD', 'value': 'High income'}"
USA,US,United States,"{'id': 'NAC', 'iso2code': 'XU', 'value': 'North America'}","{'id': 'HIC', 'iso2code': 'XD', 'value': 'High income'}"
UZB,UZ,Uzbekistan,"{'id': 'ECS', 'iso2code': 'Z7', 'value': 'Europe & Central Asia'}","{'id': 'LMC', 'iso2code': 'XN', 'value': 'Lower middle income'}"
VCT,VC,St. Vincent and the Grenadines,"{'id': 'LCN', 'iso2code': 'ZJ', 'value': 'Latin America & Caribbean '}","{'id': 'UMC', 'iso2code': 'XT', 'value': 'Upper middle income'}"
VEN,VE,"Venezuela, RB","{'id': 'LCN', 'iso2code': 'ZJ', 'value': 'Latin America & Caribbean '}","{'id': 'INX', 'iso2code': 'XY', 'value': 'Not classified'}"
VGB,VG,British Virgin Islands,"{'id': 'LCN', 'iso2code': 'ZJ', 'value': 'Latin America & Caribbean '}","{'id': 'HIC', 'iso2code': 'XD', 'value': 'High income'}"
VIR,VI,Virgin Islands (U.S.),"{'id': 'LCN', 'iso2code': 'ZJ', 'value': 'Latin America & Caribbean '}","{'id': 'HIC', 'iso2code': 'XD', 'value': 'High income'}"
VNM,VN,Viet Nam,"{'id': 'EAS', 'iso2code': 'Z4', 'value': 'East Asia & Pacific'}","{'id': 'LMC', 'iso2code': 'XN', 'value': 'Lower middle income'}"
VUT,VU,Vanuatu,"{'id': 'EAS', 'iso2code': 'Z4', 'value': 'East Asia & Pacific'}","{'id': 'LMC', 'iso2code': 'XN', 'value': 'Lower middle income'}"
WLD,1W,World,"{'id': 'NA', 'iso2code': 'NA', 'value': 'Aggregates'}","{'id': 'NA', 'iso2code': 'NA', 'value': 'Aggregates'}"
WSM,WS,Samoa,"{'id': 'EAS', 'iso2code': 'Z4', 'value': 'East Asia & Pacific'}","{'id': 'UMC', 'iso2code': 'XT', 'value': 'Upper middle income'}"
XKX,XK,Kosovo,"{'id': 'ECS', 'iso2code': 'Z7', 'value': 'Europe & Central Asia'}","{'id': 'UMC', 'iso2code': 'XT', 'value': 'Upper middle income'}"
XZN,A5,Sub-Saharan Africa excluding South Africa and Nigeria,"{'id': 'NA', 'iso2code': 'NA', 'value': 'Aggregates'}","{'id': 'NA', 'iso2code': 'NA', 'value': 'Aggregates'}"
YEM,YE,"Yemen, Rep.","{'id': 'MEA', 'iso2code': 'ZQ', 'value': 'Middle East, North Africa, Afghanistan & Pakistan'}","{'id': 'LIC', 'iso2code': 'XM', 'value': 'Low income'}"
ZAF,ZA,South Africa,"{'id': 'SSF', 'iso2code': 'ZG', 'value': 'Sub-Saharan Africa '}","{'id': 'UMC', 'iso2code': 'XT', 'value': 'Upper middle income'}"
ZMB,ZM,Zambia,"{'id': 'SSF', 'iso2code': 'ZG', 'value': 'Sub-Saharan Africa '}","{'id': 'LMC', 'iso2code': 'XN', 'value': 'Lower middle income'}"
ZWE,ZW,Zimbabwe,"{'id': 'SSF', 'iso2code': 'ZG', 'value': 'Sub-Saharan Africa '}","{'id': 'LMC', 'iso2code': 'XN', 'value': 'Lower middle income'}"
